{
  "736093522": {
    "balance": 650
  },
  "836231536": {
    "balance": 40
  },
  "1109993590": {
    "balance": 0
  },
  "1225893416": {
    "balance": 0
  },
  "1244678880": {
    "balance": 10
  },
  "1299443485": {
    "balance": 0
  },
  "1342434193": {
    "balance": 10
  },
  "1935554712": {
    "balance": 70
  },
  "6643265268": {
    "balance": 60
  },
  "7640518705": {
    "balance": 10
  },
  "7828610561": {
    "balance": 0
  },
  "5235035634": {
    "balance": 10
  },
  "5862690255": {
    "balance": 20
  }
}